Feature,Duration,ATE,Normalized_ATE,Sum_Normalized_ATE,Type
Radial Distance from Sun,10,0.0406534196167405,0.003488755306880229,1.0,IBS_N
Electronic Box Temperature,10,0.4994637854824195,0.04286249345377922,1.0,IBS_N
Outboard Sensor Temperature,10,1.2995007319350576,0.11151927974507428,1.0,IBS_N
Inboard Sensor Temperature,10,0.5073998415693244,0.04354354213430615,1.0,IBS_N
Search Coil Magnetometer's Temperature,10,0.7114569614813285,0.06105511598740822,1.0,IBS_N
High Gain Antenna Azimuth,10,7.624127808449407,0.6542799253499458,1.0,IBS_N
Heater Dutycycle,10,0.1495178988932403,0.012831180455544587,1.0,IBS_N
Outboard Sensor minus Inboard Sensor Temp.,10,0.8205797395323569,0.07041970756706147,1.0,IBS_N
Radial Distance from Sun,20,0.0065833900329027,0.001922800519299515,1.0,IBS_N
Electronic Box Temperature,20,0.4327125370833612,0.12638167978093337,1.0,IBS_N
Outboard Sensor Temperature,20,0.0704009881687523,0.020561907457029533,1.0,IBS_N
Inboard Sensor Temperature,20,0.7617313398277439,0.2224776913516265,1.0,IBS_N
Search Coil Magnetometer's Temperature,20,0.0140441483962795,0.004101852646512457,1.0,IBS_N
High Gain Antenna Azimuth,20,1.1534166937283614,0.3368766253534231,1.0,IBS_N
Heater Dutycycle,20,0.006730433549842,0.0019657472912995707,1.0,IBS_N
Outboard Sensor minus Inboard Sensor Temp.,20,0.9782353968685183,0.285711695599876,1.0,IBS_N
Radial Distance from Sun,30,0.0038363947890085,0.0004965002759277644,1.0,IBS_N
Electronic Box Temperature,30,0.2266059084209427,0.029326985945296178,1.0,IBS_N
Outboard Sensor Temperature,30,0.1267363166704624,0.016402017951133677,1.0,IBS_N
Inboard Sensor Temperature,30,0.5913526532422383,0.0765319451341629,1.0,IBS_N
Search Coil Magnetometer's Temperature,30,0.8007851580431101,0.1036363757625732,1.0,IBS_N
High Gain Antenna Azimuth,30,4.761119008886006,0.6161766532499554,1.0,IBS_N
Heater Dutycycle,30,0.0564782573267499,0.007309328650688166,1.0,IBS_N
Outboard Sensor minus Inboard Sensor Temp.,30,1.1599597305159206,0.1501201930302627,1.0,IBS_N
Radial Distance from Sun,40,0.0685993137302719,0.01125237313072766,1.0,IBS_N
Electronic Box Temperature,40,0.0227150116846666,0.0037259525386755528,1.0,IBS_N
Outboard Sensor Temperature,40,0.1333091166053927,0.021866748225348696,1.0,IBS_N
Inboard Sensor Temperature,40,3.0467692554709607,0.49976279122249856,1.0,IBS_N
Search Coil Magnetometer's Temperature,40,1.2782366778354537,0.20966967840144948,1.0,IBS_N
High Gain Antenna Azimuth,40,0.4298389729942548,0.07050666030388805,1.0,IBS_N
Heater Dutycycle,40,0.1014454559578862,0.01664013910318765,1.0,IBS_N
Outboard Sensor minus Inboard Sensor Temp.,40,1.015516960440677,0.1665756570742243,1.0,IBS_N
Radial Distance from Sun,50,0.1701651202542218,0.014975442225100721,1.0,IBS_N
Electronic Box Temperature,50,0.8811935139751922,0.07754975013653878,1.0,IBS_N
Outboard Sensor Temperature,50,0.2402075503123361,0.021139551315576474,1.0,IBS_N
Inboard Sensor Temperature,50,1.525664143637771,0.13426661823422864,1.0,IBS_N
Search Coil Magnetometer's Temperature,50,1.5523674471058329,0.13661665199971396,1.0,IBS_N
High Gain Antenna Azimuth,50,5.813241675486127,0.5115964113076242,1.0,IBS_N
Heater Dutycycle,50,0.1767256073525387,0.01555280023691058,1.0,IBS_N
Outboard Sensor minus Inboard Sensor Temp.,50,1.0033795345240504,0.0883027745443066,1.0,IBS_N
Radial Distance from Sun,60,0.2429288597512365,0.03421192785268074,1.0,IBS_N
Electronic Box Temperature,60,0.5767069055168683,0.08121824250889748,1.0,IBS_N
Outboard Sensor Temperature,60,0.7520239168723317,0.10590832235360063,1.0,IBS_N
Inboard Sensor Temperature,60,0.8440598101547225,0.11886983439485638,1.0,IBS_N
Search Coil Magnetometer's Temperature,60,0.8907089163117103,0.12543947727660043,1.0,IBS_N
High Gain Antenna Azimuth,60,2.290842458704468,0.322621762598777,1.0,IBS_N
Heater Dutycycle,60,0.2110721514033989,0.029725513975234614,1.0,IBS_N
Outboard Sensor minus Inboard Sensor Temp.,60,1.2923635184119442,0.18200491903935276,1.0,IBS_N
Radial Distance from Sun,70,0.1489960102992804,0.011175100950680507,0.9999999999999998,IBS_N
Electronic Box Temperature,70,1.2547107374703534,0.09410667525237557,0.9999999999999998,IBS_N
Outboard Sensor Temperature,70,1.456718094367623,0.10925776957746997,0.9999999999999998,IBS_N
Inboard Sensor Temperature,70,0.094530170230117,0.007090016659403615,0.9999999999999998,IBS_N
Search Coil Magnetometer's Temperature,70,0.8320564724161224,0.062406470195008876,0.9999999999999998,IBS_N
High Gain Antenna Azimuth,70,8.254473826065986,0.6191077070839048,0.9999999999999998,IBS_N
Heater Dutycycle,70,0.2823940807736145,0.021180314521045993,0.9999999999999998,IBS_N
Outboard Sensor minus Inboard Sensor Temp.,70,1.008976477585609,0.0756759457601105,0.9999999999999998,IBS_N
Radial Distance from Sun,80,0.0949512276215294,0.015134547775118185,1.0,IBS_N
Electronic Box Temperature,80,0.67717567906337,0.10793696852223587,1.0,IBS_N
Outboard Sensor Temperature,80,0.3254152288122084,0.051868864158768166,1.0,IBS_N
Inboard Sensor Temperature,80,0.5162865698564538,0.08229239318831816,1.0,IBS_N
Search Coil Magnetometer's Temperature,80,0.3206394275889807,0.05110763554079273,1.0,IBS_N
High Gain Antenna Azimuth,80,3.7759691972188656,0.6018625313668493,1.0,IBS_N
Heater Dutycycle,80,0.2205004861684627,0.03514620322398769,1.0,IBS_N
Outboard Sensor minus Inboard Sensor Temp.,80,0.3428689093413848,0.05465085622393,1.0,IBS_N
Radial Distance from Sun,90,0.0514368917169726,0.0027382867244552995,1.0,IBS_N
Electronic Box Temperature,90,0.6611916304915807,0.03519909939462048,1.0,IBS_N
Outboard Sensor Temperature,90,0.5122186704727986,0.02726839703089976,1.0,IBS_N
Inboard Sensor Temperature,90,0.7523360273990934,0.040051248965275295,1.0,IBS_N
Search Coil Magnetometer's Temperature,90,1.0736445500206218,0.05715638173243583,1.0,IBS_N
High Gain Antenna Azimuth,90,13.922600567770514,0.7411814950715624,1.0,IBS_N
Heater Dutycycle,90,0.0963424627143325,0.005128873029567922,1.0,IBS_N
Outboard Sensor minus Inboard Sensor Temp.,90,1.7145629426981952,0.09127621805118302,1.0,IBS_N
Radial Distance from Sun,100,0.0158376946138471,0.000660721247886711,1.0,IBS_N
Electronic Box Temperature,100,0.0177335921201454,0.0007398148152757109,1.0,IBS_N
Outboard Sensor Temperature,100,0.7036773209310274,0.029356201703032447,1.0,IBS_N
Inboard Sensor Temperature,100,0.8241373423927273,0.034381585614087745,1.0,IBS_N
Search Coil Magnetometer's Temperature,100,0.0939432952277384,0.003919151919951286,1.0,IBS_N
High Gain Antenna Azimuth,100,21.284791382589063,0.8879647111655267,1.0,IBS_N
Heater Dutycycle,100,0.3534546339157903,0.014745516471065107,1.0,IBS_N
Outboard Sensor minus Inboard Sensor Temp.,100,0.6767369757883656,0.028232297063174358,1.0,IBS_N
Radial Distance from Sun,110,0.0101527963390532,0.0008167200894856983,1.0,IBS_N
Electronic Box Temperature,110,0.4596863579419367,0.03697849054152351,1.0,IBS_N
Outboard Sensor Temperature,110,0.4917366557830235,0.03955670852666402,1.0,IBS_N
Inboard Sensor Temperature,110,1.933484995074698,0.1555350846665287,1.0,IBS_N
Search Coil Magnetometer's Temperature,110,0.6118099819256825,0.049215751651055406,1.0,IBS_N
High Gain Antenna Azimuth,110,7.152864952764285,0.5753969949963113,1.0,IBS_N
Heater Dutycycle,110,0.2517884134589342,0.020254582944861845,1.0,IBS_N
Outboard Sensor minus Inboard Sensor Temp.,110,1.5196581694670284,0.12224566658356963,1.0,IBS_N
Radial Distance from Sun,120,0.0008063534625256,3.6003836382904904e-05,1.0,IBS_N
Electronic Box Temperature,120,0.5163142478551668,0.023053529954117195,1.0,IBS_N
Outboard Sensor Temperature,120,0.4092218788711752,0.01827183518879596,1.0,IBS_N
Inboard Sensor Temperature,120,0.8275040665640447,0.03694821490000664,1.0,IBS_N
Search Coil Magnetometer's Temperature,120,1.4351611586042208,0.06408022032378406,1.0,IBS_N
High Gain Antenna Azimuth,120,17.50954975867192,0.7818047468600554,1.0,IBS_N
Heater Dutycycle,120,0.2798698943177873,0.01249624432932673,1.0,IBS_N
Outboard Sensor minus Inboard Sensor Temp.,120,1.4178932434340072,0.06330920460753107,1.0,IBS_N
Radial Distance from Sun,130,0.0549052669722746,0.005530033837902075,1.0,IBS_N
Electronic Box Temperature,130,0.4865988976057077,0.04901002249209047,1.0,IBS_N
Outboard Sensor Temperature,130,0.3275352558825301,0.03298920391464347,1.0,IBS_N
Inboard Sensor Temperature,130,0.1115853118018488,0.01123882250474583,1.0,IBS_N
Search Coil Magnetometer's Temperature,130,0.7950510357353304,0.08007718335466142,1.0,IBS_N
High Gain Antenna Azimuth,130,6.606161305892303,0.6653696006736737,1.0,IBS_N
Heater Dutycycle,130,0.0639962820834731,0.0064456767981884424,1.0,IBS_N
Outboard Sensor minus Inboard Sensor Temp.,130,1.482725597131234,0.14933945642409463,1.0,IBS_N
Radial Distance from Sun,140,0.113917681896053,0.009452968796535278,1.0,IBS_N
Electronic Box Temperature,140,0.4903020562638587,0.04068560702427641,1.0,IBS_N
Outboard Sensor Temperature,140,0.5253960637172552,0.043597732270162656,1.0,IBS_N
Inboard Sensor Temperature,140,0.1479941801198559,0.01228066041598667,1.0,IBS_N
Search Coil Magnetometer's Temperature,140,0.590866234939678,0.04903049279836673,1.0,IBS_N
High Gain Antenna Azimuth,140,7.868220181321642,0.6529104053062693,1.0,IBS_N
Heater Dutycycle,140,0.1392672655560064,0.011556494951161171,1.0,IBS_N
Outboard Sensor minus Inboard Sensor Temp.,140,2.175031568266218,0.18048563843724177,1.0,IBS_N
Radial Distance from Sun,150,0.1636280115994204,0.020427063777427343,1.0,IBS_N
Electronic Box Temperature,150,0.0130483962694178,0.0016289412807940433,1.0,IBS_N
Outboard Sensor Temperature,150,0.5292284769086487,0.06606805121551691,1.0,IBS_N
Inboard Sensor Temperature,150,0.2625356702705817,0.03277454042279522,1.0,IBS_N
Search Coil Magnetometer's Temperature,150,0.71568305913022,0.08934474819059095,1.0,IBS_N
High Gain Antenna Azimuth,150,4.550938083649078,0.5681319571944978,1.0,IBS_N
Heater Dutycycle,150,0.3677179023515267,0.0459053249502608,1.0,IBS_N
Outboard Sensor minus Inboard Sensor Temp.,150,1.4075743783618382,0.17571937296811693,1.0,IBS_N
Radial Distance from Sun,160,0.1990705443720302,0.013883155443042082,1.0,IBS_N
Electronic Box Temperature,160,0.4054834850084552,0.028278368704505074,1.0,IBS_N
Outboard Sensor Temperature,160,0.3040436925706166,0.02120396997330681,1.0,IBS_N
Inboard Sensor Temperature,160,1.203834912024471,0.08395529968593803,1.0,IBS_N
Search Coil Magnetometer's Temperature,160,1.16324617492628,0.08112464611964312,1.0,IBS_N
High Gain Antenna Azimuth,160,7.120614951532733,0.496590816758062,1.0,IBS_N
Heater Dutycycle,160,0.0085998397510651,0.0005997517735530142,1.0,IBS_N
Outboard Sensor minus Inboard Sensor Temp.,160,3.934104849320277,0.2743639915419499,1.0,IBS_N
Radial Distance from Sun,170,0.2287476985887779,0.021888493284042847,0.9999999999999999,IBS_N
Electronic Box Temperature,170,0.4836881992329145,0.0462833329725129,0.9999999999999999,IBS_N
Outboard Sensor Temperature,170,0.410453049712883,0.039275581251666844,0.9999999999999999,IBS_N
Inboard Sensor Temperature,170,0.4560177974177018,0.04363559746288551,0.9999999999999999,IBS_N
Search Coil Magnetometer's Temperature,170,0.3799972114613061,0.03636131188352799,0.9999999999999999,IBS_N
High Gain Antenna Azimuth,170,6.468037616062079,0.6189159444817989,0.9999999999999999,IBS_N
Heater Dutycycle,170,0.0665981910732804,0.006372672018254854,0.9999999999999999,IBS_N
Outboard Sensor minus Inboard Sensor Temp.,170,1.9570515869091345,0.18726706664531012,0.9999999999999999,IBS_N
Radial Distance from Sun,180,0.245524073877194,0.023506582189306794,1.0,IBS_N
Electronic Box Temperature,180,0.4152672649152721,0.03975786952012692,1.0,IBS_N
Outboard Sensor Temperature,180,0.3313095050884281,0.03171971688346563,1.0,IBS_N
Inboard Sensor Temperature,180,0.2526043590560973,0.024184451788215728,1.0,IBS_N
Search Coil Magnetometer's Temperature,180,0.0185992621774701,0.001780701493466775,1.0,IBS_N
High Gain Antenna Azimuth,180,7.525965344893398,0.7205392128761183,1.0,IBS_N
Heater Dutycycle,180,0.5142778680070876,0.04923718795288766,1.0,IBS_N
Outboard Sensor minus Inboard Sensor Temp.,180,1.1413597057936429,0.10927427729641219,1.0,IBS_N
Radial Distance from Sun,10,0.2649006989797552,0.011467302069815668,1.0,IBS_R
Electronic Box Temperature,10,1.1364884691832442,0.04919751674940899,1.0,IBS_R
Outboard Sensor Temperature,10,0.6333551008031354,0.027417346523963545,1.0,IBS_R
Inboard Sensor Temperature,10,1.1178772208916754,0.04839185331825258,1.0,IBS_R
Search Coil Magnetometer's Temperature,10,1.1930684943314198,0.05164681281389948,1.0,IBS_R
High Gain Antenna Azimuth,10,16.115016889158667,0.6976039219220274,1.0,IBS_R
Heater Dutycycle,10,0.1093181549140873,0.00473228009190926,1.0,IBS_R
Outboard Sensor minus Inboard Sensor Temp.,10,2.530500044416544,0.10954296651072314,1.0,IBS_R
Radial Distance from Sun,20,0.2555350601355898,0.01744839170961914,1.0,IBS_R
Electronic Box Temperature,20,0.4709791560856429,0.03215930055972623,1.0,IBS_R
Outboard Sensor Temperature,20,0.3683419650111079,0.025151049273608138,1.0,IBS_R
Inboard Sensor Temperature,20,1.6082251428226368,0.10981249396594776,1.0,IBS_R
Search Coil Magnetometer's Temperature,20,1.931973252775456,0.13191859492410307,1.0,IBS_R
High Gain Antenna Azimuth,20,8.733216415810919,0.5963196628560095,1.0,IBS_R
Heater Dutycycle,20,0.1382466939799146,0.009439731940663894,1.0,IBS_R
Outboard Sensor minus Inboard Sensor Temp.,20,1.1386750846251308,0.07775077477032229,1.0,IBS_R
Radial Distance from Sun,30,0.3613493847020144,0.028548807699811964,0.9999999999999999,IBS_R
Electronic Box Temperature,30,0.413103721135665,0.032637716277016546,0.9999999999999999,IBS_R
Outboard Sensor Temperature,30,0.5133577685410995,0.04055839814801469,0.9999999999999999,IBS_R
Inboard Sensor Temperature,30,1.8161459003064464,0.14348661505375898,0.9999999999999999,IBS_R
Search Coil Magnetometer's Temperature,30,0.9449378625956202,0.0746558606977014,0.9999999999999999,IBS_R
High Gain Antenna Azimuth,30,5.475513021988242,0.432598960840813,0.9999999999999999,IBS_R
Heater Dutycycle,30,0.1391677795186783,0.010995104305393959,0.9999999999999999,IBS_R
Outboard Sensor minus Inboard Sensor Temp.,30,2.9936741564166733,0.23651853697748934,0.9999999999999999,IBS_R
Radial Distance from Sun,40,0.3996773708983432,0.018298315539658206,0.9999999999999999,IBS_R
Electronic Box Temperature,40,0.1276402295881856,0.005843716373807642,0.9999999999999999,IBS_R
Outboard Sensor Temperature,40,0.2377094461144824,0.010882984047817177,0.9999999999999999,IBS_R
Inboard Sensor Temperature,40,2.730812902849612,0.12502403141763493,0.9999999999999999,IBS_R
Search Coil Magnetometer's Temperature,40,1.5391033022685878,0.07046432929074621,0.9999999999999999,IBS_R
High Gain Antenna Azimuth,40,14.16461352060291,0.6484944772197895,0.9999999999999999,IBS_R
Heater Dutycycle,40,0.1984034267427126,0.009083447728170256,0.9999999999999999,IBS_R
Outboard Sensor minus Inboard Sensor Temp.,40,2.4443438114937663,0.1119086983823761,0.9999999999999999,IBS_R
Radial Distance from Sun,50,0.4177017721578639,0.06666236631003583,1.0,IBS_R
Electronic Box Temperature,50,0.1935926958422368,0.030896079608456063,1.0,IBS_R
Outboard Sensor Temperature,50,0.955055977877973,0.1524204484816723,1.0,IBS_R
Inboard Sensor Temperature,50,1.029353733679267,0.16427786576686304,1.0,IBS_R
Search Coil Magnetometer's Temperature,50,1.3171222191962342,0.21020376187909273,1.0,IBS_R
High Gain Antenna Azimuth,50,2.017107620492862,0.32191667846992256,1.0,IBS_R
Heater Dutycycle,50,0.0676521192094201,0.010796818814271506,1.0,IBS_R
Outboard Sensor minus Inboard Sensor Temp.,50,0.268344629966026,0.042825980669685945,1.0,IBS_R
Radial Distance from Sun,60,0.4368954164845241,0.025405443131862347,1.0,IBS_R
Electronic Box Temperature,60,0.4106165512988305,0.02387732864529468,1.0,IBS_R
Outboard Sensor Temperature,60,0.4112933633485262,0.02391668522673437,1.0,IBS_R
Inboard Sensor Temperature,60,1.2645499249039085,0.07353350479859072,1.0,IBS_R
Search Coil Magnetometer's Temperature,60,1.317882854912528,0.07663481158567526,1.0,IBS_R
High Gain Antenna Azimuth,60,10.952839955961368,0.6369070082551962,1.0,IBS_R
Heater Dutycycle,60,0.0820981289175713,0.00477400143547064,1.0,IBS_R
Outboard Sensor minus Inboard Sensor Temp.,60,2.32074551173351,0.13495121692117582,1.0,IBS_R
Radial Distance from Sun,70,0.4393552847510663,0.027442234347352226,1.0000000000000002,IBS_R
Electronic Box Temperature,70,0.5290148719994341,0.0330423932396042,1.0000000000000002,IBS_R
Outboard Sensor Temperature,70,0.3649045571556703,0.022792024403567587,1.0000000000000002,IBS_R
Inboard Sensor Temperature,70,0.7820907581811043,0.048849572571010615,1.0000000000000002,IBS_R
Search Coil Magnetometer's Temperature,70,1.1111246997867656,0.06940110989664341,1.0000000000000002,IBS_R
High Gain Antenna Azimuth,70,11.41761084229535,0.7131466566941715,1.0000000000000002,IBS_R
Heater Dutycycle,70,0.0435139246423073,0.002717889960248905,1.0000000000000002,IBS_R
Outboard Sensor minus Inboard Sensor Temp.,70,1.3225713743686531,0.08260811888740166,1.0000000000000002,IBS_R
Radial Distance from Sun,80,0.3765106514592106,0.01996894637171077,1.0,IBS_R
Electronic Box Temperature,80,0.1844709018302394,0.009783759188518593,1.0,IBS_R
Outboard Sensor Temperature,80,0.3761519250958379,0.019949920648309465,1.0,IBS_R
Inboard Sensor Temperature,80,0.1860345396396627,0.009866689643314865,1.0,IBS_R
Search Coil Magnetometer's Temperature,80,0.7535355069499017,0.039965164515651505,1.0,IBS_R
High Gain Antenna Azimuth,80,16.047626116878256,0.8511158557646371,1.0,IBS_R
Heater Dutycycle,80,0.0647807404507487,0.0034357676920087304,1.0,IBS_R
Outboard Sensor minus Inboard Sensor Temp.,80,0.8656977007404528,0.04591389617584889,1.0,IBS_R
Radial Distance from Sun,90,0.3236077539019597,0.02033798367818826,0.9999999999999999,IBS_R
Electronic Box Temperature,90,0.0832573975205638,0.005232530962081512,0.9999999999999999,IBS_R
Outboard Sensor Temperature,90,0.5629867177467811,0.035382386665678334,0.9999999999999999,IBS_R
Inboard Sensor Temperature,90,0.0098248981747844,0.0006174716653395266,0.9999999999999999,IBS_R
Search Coil Magnetometer's Temperature,90,1.3591202507074285,0.0854175004841113,0.9999999999999999,IBS_R
High Gain Antenna Azimuth,90,12.726841257177496,0.7998519400180583,0.9999999999999999,IBS_R
Heater Dutycycle,90,0.0981854430405601,0.00617072339558209,0.9999999999999999,IBS_R
Outboard Sensor minus Inboard Sensor Temp.,90,0.7476726730377485,0.04698946313096063,0.9999999999999999,IBS_R
Radial Distance from Sun,100,0.2653783937307309,0.014389502402028952,1.0,IBS_R
Electronic Box Temperature,100,0.0881826338373221,0.0047814903224822946,1.0,IBS_R
Outboard Sensor Temperature,100,0.2303120847847817,0.012488116499000201,1.0,IBS_R
Inboard Sensor Temperature,100,0.9682563093257603,0.05250135963577996,1.0,IBS_R
Search Coil Magnetometer's Temperature,100,1.4465274050180312,0.07843445457819616,1.0,IBS_R
High Gain Antenna Azimuth,100,14.07866203185053,0.7633814429151382,1.0,IBS_R
Heater Dutycycle,100,0.1421578665376923,0.007708166943262931,1.0,IBS_R
Outboard Sensor minus Inboard Sensor Temp.,100,1.2230229747874666,0.06631546670411138,1.0,IBS_R
Radial Distance from Sun,110,0.1608461418841276,0.005843073063527028,1.0,IBS_R
Electronic Box Temperature,110,0.4028548907803234,0.0146345478558284,1.0,IBS_R
Outboard Sensor Temperature,110,0.4001609942128676,0.014536686419521348,1.0,IBS_R
Inboard Sensor Temperature,110,0.4297227320437213,0.015610578475663694,1.0,IBS_R
Search Coil Magnetometer's Temperature,110,0.3824632302233996,0.013893778067227674,1.0,IBS_R
High Gain Antenna Azimuth,110,24.80457956558521,0.9010783162967876,1.0,IBS_R
Heater Dutycycle,110,0.2599425295608787,0.00944295694475797,1.0,IBS_R
Outboard Sensor minus Inboard Sensor Temp.,110,0.6870921809895748,0.024960062876686246,1.0,IBS_R
Radial Distance from Sun,120,0.1074322253364381,0.006513221593940892,0.9999999999999999,IBS_R
Electronic Box Temperature,120,0.0594052051460976,0.0036015195974798348,0.9999999999999999,IBS_R
Outboard Sensor Temperature,120,0.6072460338677327,0.03681509871210688,0.9999999999999999,IBS_R
Inboard Sensor Temperature,120,1.7574230089813596,0.10654610807827723,0.9999999999999999,IBS_R
Search Coil Magnetometer's Temperature,120,1.5288495355092844,0.09268853714406099,0.9999999999999999,IBS_R
High Gain Antenna Azimuth,120,11.87863394544816,0.72015798683983,0.9999999999999999,IBS_R
Heater Dutycycle,120,0.0157920376337942,0.000957413292023369,0.9999999999999999,IBS_R
Outboard Sensor minus Inboard Sensor Temp.,120,0.539701388832975,0.03272011474228081,0.9999999999999999,IBS_R
Radial Distance from Sun,130,0.0611869445621755,0.0026838266874288624,1.0,IBS_R
Electronic Box Temperature,130,0.0623066262984845,0.0027329389898462383,1.0,IBS_R
Outboard Sensor Temperature,130,0.3566395385337028,0.01564318529317055,1.0,IBS_R
Inboard Sensor Temperature,130,1.2383309248343513,0.054316580239788505,1.0,IBS_R
Search Coil Magnetometer's Temperature,130,0.5513256369047791,0.024182649883508933,1.0,IBS_R
High Gain Antenna Azimuth,130,20.064002896858582,0.8800620265736716,1.0,IBS_R
Heater Dutycycle,130,0.0900556210001055,0.003950085769480836,1.0,IBS_R
Outboard Sensor minus Inboard Sensor Temp.,130,0.3745481637891982,0.016428706563104547,1.0,IBS_R
Radial Distance from Sun,140,0.0071132939308182,0.0010407634817087225,0.9999999999999999,IBS_R
Electronic Box Temperature,140,0.4112277158907164,0.060167735725257465,0.9999999999999999,IBS_R
Outboard Sensor Temperature,140,1.1578723210808717,0.16941113919689743,0.9999999999999999,IBS_R
Inboard Sensor Temperature,140,0.7919057682978138,0.1158656752574334,0.9999999999999999,IBS_R
Search Coil Magnetometer's Temperature,140,0.2589431232676293,0.037886603471979675,0.9999999999999999,IBS_R
High Gain Antenna Azimuth,140,2.682770039553995,0.39252266448504547,0.9999999999999999,IBS_R
Heater Dutycycle,140,0.1318732744000047,0.019294702221463202,0.9999999999999999,IBS_R
Outboard Sensor minus Inboard Sensor Temp.,140,1.3929827052712729,0.20381071616021457,0.9999999999999999,IBS_R
Radial Distance from Sun,150,0.0463143012516568,0.001988479613875181,0.9999999999999999,IBS_R
Electronic Box Temperature,150,0.0722820355159243,0.0031033903176435284,0.9999999999999999,IBS_R
Outboard Sensor Temperature,150,0.9694889791212428,0.04162448787436448,0.9999999999999999,IBS_R
Inboard Sensor Temperature,150,1.3588023974953325,0.05833945009820335,0.9999999999999999,IBS_R
Search Coil Magnetometer's Temperature,150,0.5933932761319691,0.025477021151362318,0.9999999999999999,IBS_R
High Gain Antenna Azimuth,150,18.47063154542568,0.7930266308868237,0.9999999999999999,IBS_R
Heater Dutycycle,150,0.0401373791345814,0.001723276785065154,0.9999999999999999,IBS_R
Outboard Sensor minus Inboard Sensor Temp.,150,1.7402631718037072,0.07471726327266227,0.9999999999999999,IBS_R
Radial Distance from Sun,160,0.0809242094654828,0.007537965214143303,1.0,IBS_R
Electronic Box Temperature,160,0.9372738466155752,0.08730561223372885,1.0,IBS_R
Outboard Sensor Temperature,160,1.0294842461043885,0.09589486862955943,1.0,IBS_R
Inboard Sensor Temperature,160,0.7099858285752458,0.06613408414718808,1.0,IBS_R
Search Coil Magnetometer's Temperature,160,0.7361866757590279,0.06857465262424776,1.0,IBS_R
High Gain Antenna Azimuth,160,6.480455766805155,0.6036444528112163,1.0,IBS_R
Heater Dutycycle,160,0.012819146377843,0.0011940837001615454,1.0,IBS_R
Outboard Sensor minus Inboard Sensor Temp.,160,0.7484212103608301,0.06971428063975472,1.0,IBS_R
Radial Distance from Sun,170,0.1033001719154335,0.005130777421649143,1.0,IBS_R
Electronic Box Temperature,170,0.7333877464555597,0.036426360392786,1.0,IBS_R
Outboard Sensor Temperature,170,1.5197628754071455,0.07548453117564048,1.0,IBS_R
Inboard Sensor Temperature,170,0.894883770612309,0.044447645731090044,1.0,IBS_R
Search Coil Magnetometer's Temperature,170,0.4461696436021298,0.022160632370419476,1.0,IBS_R
High Gain Antenna Azimuth,170,15.35943228170934,0.7628818703695625,1.0,IBS_R
Heater Dutycycle,170,0.0531490615275301,0.002639840765129942,1.0,IBS_R
Outboard Sensor minus Inboard Sensor Temp.,170,1.023349097399413,0.05082834177372244,1.0,IBS_R
Radial Distance from Sun,180,0.1419167355374044,0.015959026584419854,1.0,IBS_R
Electronic Box Temperature,180,0.6883870221404479,0.07741149586838894,1.0,IBS_R
Outboard Sensor Temperature,180,0.6792694263080351,0.07638619075744155,1.0,IBS_R
Inboard Sensor Temperature,180,0.1168599588254262,0.013141305586596189,1.0,IBS_R
Search Coil Magnetometer's Temperature,180,0.3453235870146161,0.03883282887338514,1.0,IBS_R
High Gain Antenna Azimuth,180,5.4205493314595365,0.6095594755286758,1.0,IBS_R
Heater Dutycycle,180,0.009482822728134,0.0010663761355597426,1.0,IBS_R
Outboard Sensor minus Inboard Sensor Temp.,180,1.4907795183695318,0.16764330066553276,1.0,IBS_R
Radial Distance from Sun,10,0.1185923380018667,0.009882279441179692,0.9999999999999999,IBS_T
Electronic Box Temperature,10,0.2812565085931122,0.023437057228131736,0.9999999999999999,IBS_T
Outboard Sensor Temperature,10,0.134359575586715,0.011196160678823302,0.9999999999999999,IBS_T
Inboard Sensor Temperature,10,1.657463992008657,0.138116193749928,0.9999999999999999,IBS_T
Search Coil Magnetometer's Temperature,10,1.1494148319371291,0.0957805432831631,0.9999999999999999,IBS_T
High Gain Antenna Azimuth,10,7.430245627723239,0.6191611097894778,0.9999999999999999,IBS_T
Heater Dutycycle,10,0.1236389310307041,0.010302811183593738,0.9999999999999999,IBS_T
Outboard Sensor minus Inboard Sensor Temp.,10,1.105532603817002,0.09212384464570252,0.9999999999999999,IBS_T
Radial Distance from Sun,20,0.0793263392052301,0.007150622913193131,1.0,IBS_T
Electronic Box Temperature,20,1.5400413762740783,0.13882217763712024,1.0,IBS_T
Outboard Sensor Temperature,20,0.7560134220904917,0.0681484479536577,1.0,IBS_T
Inboard Sensor Temperature,20,2.5445124732997555,0.22936705987919007,1.0,IBS_T
Search Coil Magnetometer's Temperature,20,1.9856944901339757,0.17899417346133123,1.0,IBS_T
High Gain Antenna Azimuth,20,2.020785179884679,0.18215731312824515,1.0,IBS_T
Heater Dutycycle,20,0.1083722846212666,0.00976887814730803,1.0,IBS_T
Outboard Sensor minus Inboard Sensor Temp.,20,2.058880845536537,0.1855913268799545,1.0,IBS_T
Radial Distance from Sun,30,0.0288776258450688,0.002596771809835753,0.9999999999999999,IBS_T
Electronic Box Temperature,30,0.5047426170737617,0.04538812872886102,0.9999999999999999,IBS_T
Outboard Sensor Temperature,30,0.6769758191667866,0.06087590900250442,0.9999999999999999,IBS_T
Inboard Sensor Temperature,30,1.7737722100416955,0.15950347500235657,0.9999999999999999,IBS_T
Search Coil Magnetometer's Temperature,30,2.82380315296702,0.25392573695258375,0.9999999999999999,IBS_T
High Gain Antenna Azimuth,30,4.848312983650974,0.43597636969021836,0.9999999999999999,IBS_T
Heater Dutycycle,30,0.1365743246247979,0.012281215846336386,0.9999999999999999,IBS_T
Outboard Sensor minus Inboard Sensor Temp.,30,0.3275278871752407,0.029452392967303637,0.9999999999999999,IBS_T
Radial Distance from Sun,40,0.0053144753473557,0.0002412168614163039,1.0,IBS_T
Electronic Box Temperature,40,0.4937859544528418,0.02241227785614497,1.0,IBS_T
Outboard Sensor Temperature,40,0.0101590546275017,0.0004611057747068185,1.0,IBS_T
Inboard Sensor Temperature,40,1.3133691137940628,0.05961205101236352,1.0,IBS_T
Search Coil Magnetometer's Temperature,40,3.071631399019476,0.13941720246532135,1.0,IBS_T
High Gain Antenna Azimuth,40,14.729436096247786,0.6685492195079522,1.0,IBS_T
Heater Dutycycle,40,0.0857061319237482,0.0038900856237981765,1.0,IBS_T
Outboard Sensor minus Inboard Sensor Temp.,40,2.3225374829134946,0.10541684089829666,1.0,IBS_T
Radial Distance from Sun,50,0.1132370009195968,0.014888507573815261,1.0,IBS_T
Electronic Box Temperature,50,0.1505374354479579,0.019792803850404442,1.0,IBS_T
Outboard Sensor Temperature,50,0.4975241398891182,0.06541494268427889,1.0,IBS_T
Inboard Sensor Temperature,50,2.1657929933494544,0.28476050339495507,1.0,IBS_T
Search Coil Magnetometer's Temperature,50,2.3373484810991445,0.3073167805653866,1.0,IBS_T
High Gain Antenna Azimuth,50,1.788304856705789,0.23512800751637533,1.0,IBS_T
Heater Dutycycle,50,0.2354937747168648,0.03096294338409674,1.0,IBS_T
Outboard Sensor minus Inboard Sensor Temp.,50,0.3174263154000436,0.041735511030687664,1.0,IBS_T
Radial Distance from Sun,60,0.1702107333949047,0.013278112452524712,1.0000000000000002,IBS_T
Electronic Box Temperature,60,0.583230764555274,0.045497739907915336,1.0000000000000002,IBS_T
Outboard Sensor Temperature,60,0.325922410360384,0.025425155800971554,1.0000000000000002,IBS_T
Inboard Sensor Temperature,60,2.887696177082457,0.22526872308967089,1.0000000000000002,IBS_T
Search Coil Magnetometer's Temperature,60,3.224030345191572,0.2515060984696237,1.0000000000000002,IBS_T
High Gain Antenna Azimuth,60,5.459490647266591,0.4258940038741575,1.0000000000000002,IBS_T
Heater Dutycycle,60,0.0693363720900767,0.005408919445321504,1.0000000000000002,IBS_T
Outboard Sensor minus Inboard Sensor Temp.,60,0.0989778564123701,0.007721246959815029,1.0000000000000002,IBS_T
Radial Distance from Sun,70,0.2592219450915778,0.026221784004472625,1.0,IBS_T
Electronic Box Temperature,70,0.8679110779011334,0.08779417503318454,1.0,IBS_T
Outboard Sensor Temperature,70,0.7379782467314385,0.07465072518823526,1.0,IBS_T
Inboard Sensor Temperature,70,1.3499150532886628,0.13655163701212245,1.0,IBS_T
Search Coil Magnetometer's Temperature,70,0.3337345505470018,0.033759160692130606,1.0,IBS_T
High Gain Antenna Azimuth,70,5.593754960170633,0.5658403430609368,1.0,IBS_T
Heater Dutycycle,70,0.0731273349156017,0.007397248640743796,1.0,IBS_T
Outboard Sensor minus Inboard Sensor Temp.,70,0.670104690743022,0.06778492636817401,1.0,IBS_T
Radial Distance from Sun,80,0.3047749232100875,0.03184299507059828,1.0,IBS_T
Electronic Box Temperature,80,0.2031874069458465,0.02122909434161114,1.0,IBS_T
Outboard Sensor Temperature,80,1.148617017332244,0.12000792465364282,1.0,IBS_T
Inboard Sensor Temperature,80,0.6853814765445951,0.07160890649800863,1.0,IBS_T
Search Coil Magnetometer's Temperature,80,2.392979717461156,0.25001939314617205,1.0,IBS_T
High Gain Antenna Azimuth,80,4.021674025073229,0.4201859680813837,1.0,IBS_T
Heater Dutycycle,80,0.420631585245387,0.04394774135099669,1.0,IBS_T
Outboard Sensor minus Inboard Sensor Temp.,80,0.39393025713953,0.041157976857586785,1.0,IBS_T
Radial Distance from Sun,90,0.2911194572815369,0.02089509825298417,1.0,IBS_T
Electronic Box Temperature,90,0.171288299496506,0.012294217229543667,1.0,IBS_T
Outboard Sensor Temperature,90,1.299178776475565,0.09324855314083587,1.0,IBS_T
Inboard Sensor Temperature,90,0.2446545092068852,0.01756007673155861,1.0,IBS_T
Search Coil Magnetometer's Temperature,90,1.967227390830988,0.14119774061553989,1.0,IBS_T
High Gain Antenna Azimuth,90,6.237298739523892,0.4476821000305968,1.0,IBS_T
Heater Dutycycle,90,0.4174774453310415,0.029964442500869475,1.0,IBS_T
Outboard Sensor minus Inboard Sensor Temp.,90,3.304183636406548,0.2371577714980716,1.0,IBS_T
Radial Distance from Sun,100,0.3214673902827448,0.024653989698979983,1.0,IBS_T
Electronic Box Temperature,100,0.7987205018486287,0.06125550404232461,1.0,IBS_T
Outboard Sensor Temperature,100,1.2478020252326627,0.09569648184033455,1.0,IBS_T
Inboard Sensor Temperature,100,0.6291466717967594,0.04825054121969341,1.0,IBS_T
Search Coil Magnetometer's Temperature,100,0.9077109194208738,0.06961420141984175,1.0,IBS_T
High Gain Antenna Azimuth,100,8.210471730057536,0.6296778198204388,1.0,IBS_T
Heater Dutycycle,100,0.2319346328179784,0.01778753995328052,1.0,IBS_T
Outboard Sensor minus Inboard Sensor Temp.,100,0.6919091284383233,0.05306392200510632,1.0,IBS_T
Radial Distance from Sun,110,0.322267598906897,0.036757122040265294,1.0000000000000002,IBS_T
Electronic Box Temperature,110,1.6834329833944948,0.19200860349326002,1.0000000000000002,IBS_T
Outboard Sensor Temperature,110,2.165413739502528,0.24698225127359594,1.0000000000000002,IBS_T
Inboard Sensor Temperature,110,1.1021951502558138,0.12571391535345083,1.0000000000000002,IBS_T
Search Coil Magnetometer's Temperature,110,2.217098769757586,0.25287733030476106,1.0000000000000002,IBS_T
High Gain Antenna Azimuth,110,0.5839985968556795,0.06660957467886634,1.0000000000000002,IBS_T
Heater Dutycycle,110,0.0319040464313487,0.00363890422814168,1.0000000000000002,IBS_T
Outboard Sensor minus Inboard Sensor Temp.,110,0.6611763668592738,0.07541229862765898,1.0000000000000002,IBS_T
Radial Distance from Sun,120,0.2946989294993778,0.018081759778624164,1.0,IBS_T
Electronic Box Temperature,120,1.98404195576496,0.12173430726673007,1.0,IBS_T
Outboard Sensor Temperature,120,2.66184152124844,0.16332186559939105,1.0,IBS_T
Inboard Sensor Temperature,120,1.4466683280235413,0.08876282391355197,1.0,IBS_T
Search Coil Magnetometer's Temperature,120,1.905474128763376,0.11691364308384866,1.0,IBS_T
High Gain Antenna Azimuth,120,4.569064807544081,0.28034283125264003,1.0,IBS_T
Heater Dutycycle,120,0.4522095040788703,0.02774609204130876,1.0,IBS_T
Outboard Sensor minus Inboard Sensor Temp.,120,2.984134032651764,0.1830966770639054,1.0,IBS_T
Radial Distance from Sun,130,0.2624928059533302,0.013925039797815324,0.9999999999999999,IBS_T
Electronic Box Temperature,130,1.1351750639747635,0.06022015683792341,0.9999999999999999,IBS_T
Outboard Sensor Temperature,130,1.7577500561866075,0.0932472773800988,0.9999999999999999,IBS_T
Inboard Sensor Temperature,130,0.1600709244749515,0.008491638411542195,0.9999999999999999,IBS_T
Search Coil Magnetometer's Temperature,130,1.3123882108585463,0.06962117685479774,0.9999999999999999,IBS_T
High Gain Antenna Azimuth,130,12.211684997791515,0.6478204192112786,0.9999999999999999,IBS_T
Heater Dutycycle,130,0.1853564906337419,0.009833018087806737,0.9999999999999999,IBS_T
Outboard Sensor minus Inboard Sensor Temp.,130,1.825498379959107,0.09684127341873715,0.9999999999999999,IBS_T
Radial Distance from Sun,140,0.2232722834793502,0.005202629249189774,1.0,IBS_T
Electronic Box Temperature,140,0.1621416981559723,0.0037781811884303133,1.0,IBS_T
Outboard Sensor Temperature,140,0.8983047892338221,0.020932050760287858,1.0,IBS_T
Inboard Sensor Temperature,140,3.099828426364737,0.07223134814208435,1.0,IBS_T
Search Coil Magnetometer's Temperature,140,1.331550384606327,0.031027420285973297,1.0,IBS_T
High Gain Antenna Azimuth,140,31.40403764797556,0.7317682350175156,1.0,IBS_T
Heater Dutycycle,140,0.1100197429452545,0.0025636497451250384,1.0,IBS_T
Outboard Sensor minus Inboard Sensor Temp.,140,5.686123588385967,0.13249648561139374,1.0,IBS_T
Radial Distance from Sun,150,0.1888879358188653,0.004642117361942076,1.0,IBS_T
Electronic Box Temperature,150,1.215660714134479,0.029876125665993684,1.0,IBS_T
Outboard Sensor Temperature,150,1.279382631171064,0.03144215801278912,1.0,IBS_T
Inboard Sensor Temperature,150,2.3282942783687823,0.057220252031822176,1.0,IBS_T
Search Coil Magnetometer's Temperature,150,0.6406061990990753,0.015743563219713756,1.0,IBS_T
High Gain Antenna Azimuth,150,32.15532481541887,0.7902505311280688,1.0,IBS_T
Heater Dutycycle,150,0.128929314046705,0.0031685719080197373,1.0,IBS_T
Outboard Sensor minus Inboard Sensor Temp.,150,2.752952965212794,0.06765668067165077,1.0,IBS_T
Radial Distance from Sun,160,0.1861867893587062,0.0038268306023787374,0.9999999999999999,IBS_T
Electronic Box Temperature,160,0.9140753702970956,0.018787646599321053,0.9999999999999999,IBS_T
Outboard Sensor Temperature,160,1.081223607835617,0.02222316419296591,0.9999999999999999,IBS_T
Inboard Sensor Temperature,160,0.2556664181106644,0.005254895238251756,0.9999999999999999,IBS_T
Search Coil Magnetometer's Temperature,160,2.228053103902344,0.04579477325489272,0.9999999999999999,IBS_T
High Gain Antenna Azimuth,160,42.30809213296471,0.8695885581375038,0.9999999999999999,IBS_T
Heater Dutycycle,160,0.1261766819468759,0.0025933998295155345,0.9999999999999999,IBS_T
Outboard Sensor minus Inboard Sensor Temp.,160,1.5535259115694031,0.03193073214517043,0.9999999999999999,IBS_T
Radial Distance from Sun,170,0.1822944701563103,0.007398290764316491,1.0,IBS_T
Electronic Box Temperature,170,1.0866567286638722,0.04410118657336576,1.0,IBS_T
Outboard Sensor Temperature,170,0.5785134729855638,0.023478555770516867,1.0,IBS_T
Inboard Sensor Temperature,170,0.5909062765256201,0.02398150884361761,1.0,IBS_T
Search Coil Magnetometer's Temperature,170,2.531252562657084,0.1027290758759755,1.0,IBS_T
High Gain Antenna Azimuth,170,16.20074646012419,0.657495714533724,1.0,IBS_T
Heater Dutycycle,170,0.30643494555367,0.012436443220738398,1.0,IBS_T
Outboard Sensor minus Inboard Sensor Temp.,170,3.163274253451575,0.1283792244177453,1.0,IBS_T
Radial Distance from Sun,180,0.2063345673533593,0.003673581280487202,1.0,IBS_T
Electronic Box Temperature,180,0.1256796043798122,0.002237600068233059,1.0,IBS_T
Outboard Sensor Temperature,180,0.4819608891699831,0.008580833173482268,1.0,IBS_T
Inboard Sensor Temperature,180,1.4684357890114157,0.026144035365977012,1.0,IBS_T
Search Coil Magnetometer's Temperature,180,3.6459334493990494,0.06491221050071144,1.0,IBS_T
High Gain Antenna Azimuth,180,45.3906013291665,0.8081344075872743,1.0,IBS_T
Heater Dutycycle,180,0.1694531773494799,0.0030169448978661037,1.0,IBS_T
Outboard Sensor minus Inboard Sensor Temp.,180,4.678744806682101,0.08330038712596863,1.0,IBS_T
Radial Distance from Sun,10,0.1256790534109145,0.011775092675089999,0.9999999999999999,OBS_N
Electronic Box Temperature,10,0.0079657509409133,0.0007463252865954008,0.9999999999999999,OBS_N
Outboard Sensor Temperature,10,0.4137715940191676,0.038766992061640485,0.9999999999999999,OBS_N
Inboard Sensor Temperature,10,0.7526258007058235,0.07051484167372996,0.9999999999999999,OBS_N
Search Coil Magnetometer's Temperature,10,1.4844322460003805,0.1390790811369088,0.9999999999999999,OBS_N
High Gain Antenna Azimuth,10,7.149800054539272,0.6698774057065906,0.9999999999999999,OBS_N
Heater Dutycycle,10,0.2278150742320012,0.021344397010165245,0.9999999999999999,OBS_N
Outboard Sensor minus Inboard Sensor Temp.,10,0.5112067541529478,0.04789586444927942,0.9999999999999999,OBS_N
Radial Distance from Sun,20,0.138518233783141,0.04069142045750979,1.0,OBS_N
Electronic Box Temperature,20,0.3037037824773084,0.08921668988840628,1.0,OBS_N
Outboard Sensor Temperature,20,0.2576561027969252,0.07568962241293825,1.0,OBS_N
Inboard Sensor Temperature,20,0.2722112600570033,0.07996537736388752,1.0,OBS_N
Search Coil Magnetometer's Temperature,20,0.8277863306989319,0.24317232981892908,1.0,OBS_N
High Gain Antenna Azimuth,20,0.8337413915354026,0.24492170156392437,1.0,OBS_N
Heater Dutycycle,20,0.2047816685540171,0.06015711252980264,1.0,OBS_N
Outboard Sensor minus Inboard Sensor Temp.,20,0.5657152233107168,0.16618574596460203,1.0,OBS_N
Radial Distance from Sun,30,0.191865686818053,0.014464636558593475,1.0,OBS_N
Electronic Box Temperature,30,0.1235763108781184,0.009316342352548034,1.0,OBS_N
Outboard Sensor Temperature,30,0.019971006491199,0.001505601941625156,1.0,OBS_N
Inboard Sensor Temperature,30,0.0263737332748953,0.0019882995904130004,1.0,OBS_N
Search Coil Magnetometer's Temperature,30,0.5761298093602274,0.04343407328935337,1.0,OBS_N
High Gain Antenna Azimuth,30,11.987437628863352,0.9037255772302115,1.0,OBS_N
Heater Dutycycle,30,0.034127827180062,0.002572875978403642,1.0,OBS_N
Outboard Sensor minus Inboard Sensor Temp.,30,0.3049844799829221,0.02299259305885178,1.0,OBS_N
Radial Distance from Sun,40,0.1741549200614053,0.024494564571322743,1.0,OBS_N
Electronic Box Temperature,40,0.0073424546657098,0.0010327025493039486,1.0,OBS_N
Outboard Sensor Temperature,40,0.4842362063695795,0.06810691894613087,1.0,OBS_N
Inboard Sensor Temperature,40,0.9200697901063704,0.12940609932775735,1.0,OBS_N
Search Coil Magnetometer's Temperature,40,1.080760568543219,0.15200695750075463,1.0,OBS_N
High Gain Antenna Azimuth,40,3.755294019244417,0.5281750972424537,1.0,OBS_N
Heater Dutycycle,40,0.0040781556022163,0.0005735849764977504,1.0,OBS_N
Outboard Sensor minus Inboard Sensor Temp.,40,0.6840053401451223,0.09620407488577891,1.0,OBS_N
Radial Distance from Sun,50,0.1479100341420237,0.012691196120701754,1.0000000000000002,OBS_N
Electronic Box Temperature,50,0.3779612430789962,0.032430391147999366,1.0000000000000002,OBS_N
Outboard Sensor Temperature,50,0.1278143264248178,0.010966914402407572,1.0000000000000002,OBS_N
Inboard Sensor Temperature,50,1.9798748211319128,0.1698801558337645,1.0000000000000002,OBS_N
Search Coil Magnetometer's Temperature,50,0.5437831656887439,0.04665848968884217,1.0000000000000002,OBS_N
High Gain Antenna Azimuth,50,6.6809323832059935,0.5732472691000797,1.0000000000000002,OBS_N
Heater Dutycycle,50,0.1579610180738435,0.013553605551033335,1.0000000000000002,OBS_N
Outboard Sensor minus Inboard Sensor Temp.,50,1.6383015352215335,0.1405719781551717,1.0000000000000002,OBS_N
Radial Distance from Sun,60,0.1575740716487237,0.009178191061253907,0.9999999999999999,OBS_N
Electronic Box Temperature,60,1.174525703051555,0.06841240564623093,0.9999999999999999,OBS_N
Outboard Sensor Temperature,60,0.023171588245032,0.001349671693320945,0.9999999999999999,OBS_N
Inboard Sensor Temperature,60,1.2404549029863845,0.07225257292239572,0.9999999999999999,OBS_N
Search Coil Magnetometer's Temperature,60,0.0654062940932558,0.0038097096655262245,0.9999999999999999,OBS_N
High Gain Antenna Azimuth,60,12.51493693946714,0.7289554756574318,0.9999999999999999,OBS_N
Heater Dutycycle,60,0.0179743810432025,0.001046950819358542,0.9999999999999999,OBS_N
Outboard Sensor minus Inboard Sensor Temp.,60,1.9742707249351477,0.11499502253448186,0.9999999999999999,OBS_N
Radial Distance from Sun,70,0.1017150751939303,0.011547552935473444,1.0000000000000002,OBS_N
Electronic Box Temperature,70,0.2137308786968576,0.024264531398040936,1.0000000000000002,OBS_N
Outboard Sensor Temperature,70,0.0114999933073835,0.0013055762011816882,1.0000000000000002,OBS_N
Inboard Sensor Temperature,70,1.3470706018627023,0.15293081240093181,1.0000000000000002,OBS_N
Search Coil Magnetometer's Temperature,70,0.2806610002255971,0.031863003107934634,1.0000000000000002,OBS_N
High Gain Antenna Azimuth,70,3.785283856449009,0.4297373385881975,1.0000000000000002,OBS_N
Heater Dutycycle,70,0.0505198899230533,0.005735443856955058,1.0000000000000002,OBS_N
Outboard Sensor minus Inboard Sensor Temp.,70,3.0178849237737437,0.34261574151128504,1.0000000000000002,OBS_N
Radial Distance from Sun,80,0.0967816972513396,0.0443574676236633,1.0,OBS_N
Electronic Box Temperature,80,0.2882021589650398,0.13209024328393526,1.0,OBS_N
Outboard Sensor Temperature,80,0.2145633228420806,0.09833972658566359,1.0,OBS_N
Inboard Sensor Temperature,80,0.3664075996923745,0.16793374885966592,1.0,OBS_N
Search Coil Magnetometer's Temperature,80,0.744393363015726,0.34117405911460047,1.0,OBS_N
High Gain Antenna Azimuth,80,0.0510640349848532,0.023403921845800073,1.0,OBS_N
Heater Dutycycle,80,0.0189864325095506,0.008701955940534013,1.0,OBS_N
Outboard Sensor minus Inboard Sensor Temp.,80,0.4014594280925848,0.18399887674613732,1.0,OBS_N
Radial Distance from Sun,90,0.0993799050974935,0.007203154063688086,1.0,OBS_N
Electronic Box Temperature,90,0.0638998506973002,0.004631524539772666,1.0,OBS_N
Outboard Sensor Temperature,90,0.1952082711716893,0.014148889057364814,1.0,OBS_N
Inboard Sensor Temperature,90,0.7722564835004849,0.0559739156711701,1.0,OBS_N
Search Coil Magnetometer's Temperature,90,0.5293370431344306,0.03836687376159082,1.0,OBS_N
High Gain Antenna Azimuth,90,9.9968875371333,0.7245843213141756,1.0,OBS_N
Heater Dutycycle,90,0.1817632533379117,0.013174380833084205,1.0,OBS_N
Outboard Sensor minus Inboard Sensor Temp.,90,1.9579884005910144,0.14191694075915368,1.0,OBS_N
Radial Distance from Sun,100,0.0997725092862844,0.012204830881480624,1.0,OBS_N
Electronic Box Temperature,100,0.1033512039536982,0.012642600398401519,1.0,OBS_N
Outboard Sensor Temperature,100,0.2375861908491786,0.029063108664222223,1.0,OBS_N
Inboard Sensor Temperature,100,1.2876947005313766,0.1575193022545817,1.0,OBS_N
Search Coil Magnetometer's Temperature,100,0.315772259863349,0.03862734390729535,1.0,OBS_N
High Gain Antenna Azimuth,100,4.90031463292049,0.5994387811699655,1.0,OBS_N
Heater Dutycycle,100,0.1213382194202367,0.014842890672767275,1.0,OBS_N
Outboard Sensor minus Inboard Sensor Temp.,100,1.1090077926141515,0.13566114205128577,1.0,OBS_N
Radial Distance from Sun,110,0.1522209782148338,0.030684793986108825,1.0,OBS_N
Electronic Box Temperature,110,0.6559904877703164,0.13223494691822743,1.0,OBS_N
Outboard Sensor Temperature,110,0.4397229018968039,0.08863960023062385,1.0,OBS_N
Inboard Sensor Temperature,110,1.2739250808508922,0.2567985642851253,1.0,OBS_N
Search Coil Magnetometer's Temperature,110,0.1991613876901332,0.04014706923400755,1.0,OBS_N
High Gain Antenna Azimuth,110,0.524298532293365,0.10568840536509816,1.0,OBS_N
Heater Dutycycle,110,0.1938336794373835,0.0390731066825188,1.0,OBS_N
Outboard Sensor minus Inboard Sensor Temp.,110,1.521642135406737,0.30673351329829,1.0,OBS_N
Radial Distance from Sun,120,0.1995774866325083,0.021377180234533364,1.0,OBS_N
Electronic Box Temperature,120,0.3134410519729508,0.033573355261585384,1.0,OBS_N
Outboard Sensor Temperature,120,0.2741069387336239,0.029360192533311635,1.0,OBS_N
Inboard Sensor Temperature,120,1.3937560053278475,0.14928824804632815,1.0,OBS_N
Search Coil Magnetometer's Temperature,120,0.3826957812447333,0.040991380484353974,1.0,OBS_N
High Gain Antenna Azimuth,120,6.540483733834678,0.7005654894164975,1.0,OBS_N
Heater Dutycycle,120,0.0199198975125951,0.0021336637040844293,1.0,OBS_N
Outboard Sensor minus Inboard Sensor Temp.,120,0.2120252778145629,0.022710490319305585,1.0,OBS_N
Radial Distance from Sun,130,0.1686035648136697,0.020694203656883476,1.0,OBS_N
Electronic Box Temperature,130,0.0154256305798932,0.0018933237924651416,1.0,OBS_N
Outboard Sensor Temperature,130,0.6597623554414749,0.0809784571502967,1.0,OBS_N
Inboard Sensor Temperature,130,1.274678305225954,0.15645251910603913,1.0,OBS_N
Search Coil Magnetometer's Temperature,130,1.6654026670355475,0.2044095686852067,1.0,OBS_N
High Gain Antenna Azimuth,130,2.8834631755683344,0.35391288587687786,1.0,OBS_N
Heater Dutycycle,130,0.0095357122440005,0.001170402128856914,1.0,OBS_N
Outboard Sensor minus Inboard Sensor Temp.,130,1.4705097403144736,0.18048863960337405,1.0,OBS_N
Radial Distance from Sun,140,0.1234098552605796,0.007754346864402536,1.0,OBS_N
Electronic Box Temperature,140,0.4281623489923971,0.026903194735574357,1.0,OBS_N
Outboard Sensor Temperature,140,0.2052650008641343,0.012897641055177655,1.0,OBS_N
Inboard Sensor Temperature,140,1.4789131355780436,0.09292617199314156,1.0,OBS_N
Search Coil Magnetometer's Temperature,140,0.7293388931229638,0.045827351041237335,1.0,OBS_N
High Gain Antenna Azimuth,140,10.893216317142851,0.6844654149681765,1.0,OBS_N
Heater Dutycycle,140,0.062056610279442,0.00389927109402868,1.0,OBS_N
Outboard Sensor minus Inboard Sensor Temp.,140,1.994563675661546,0.12532660824826145,1.0,OBS_N
Radial Distance from Sun,150,0.0832265879429941,0.0036518067209843925,1.0,OBS_N
Electronic Box Temperature,150,0.1283406590313713,0.005631316780009607,1.0,OBS_N
Outboard Sensor Temperature,150,0.212101190562875,0.009306551816792328,1.0,OBS_N
Inboard Sensor Temperature,150,1.7119424888032904,0.07511641701366734,1.0,OBS_N
Search Coil Magnetometer's Temperature,150,0.6266931217518759,0.02749796922560056,1.0,OBS_N
High Gain Antenna Azimuth,150,18.279006797120704,0.8020441727151668,1.0,OBS_N
Heater Dutycycle,150,0.0517047246617697,0.0022686940038419813,1.0,OBS_N
Outboard Sensor minus Inboard Sensor Temp.,150,1.6975082179118075,0.07448307172393696,1.0,OBS_N
Radial Distance from Sun,160,0.0621634249381225,0.003981150555934911,1.0,OBS_N
Electronic Box Temperature,160,0.1615376799181381,0.01034540527409291,1.0,OBS_N
Outboard Sensor Temperature,160,0.4901527304892571,0.03139099586972109,1.0,OBS_N
Inboard Sensor Temperature,160,2.2859848207284013,0.14640200003395296,1.0,OBS_N
Search Coil Magnetometer's Temperature,160,0.4609718546009789,0.029522156429472656,1.0,OBS_N
High Gain Antenna Azimuth,160,9.245103640877437,0.5920868989472818,1.0,OBS_N
Heater Dutycycle,160,0.0426844331327958,0.0027336517391946804,1.0,OBS_N
Outboard Sensor minus Inboard Sensor Temp.,160,2.8658385145228387,0.18353774115034902,1.0,OBS_N
Radial Distance from Sun,170,0.0304687862348973,0.0022100212705893165,1.0,OBS_N
Electronic Box Temperature,170,0.0082743980322964,0.0006001747333063421,1.0,OBS_N
Outboard Sensor Temperature,170,0.7078084549511441,0.05134013967229703,1.0,OBS_N
Inboard Sensor Temperature,170,1.170985775200436,0.08493621802979598,1.0,OBS_N
Search Coil Magnetometer's Temperature,170,1.0306712447502209,0.07475865156958174,1.0,OBS_N
High Gain Antenna Azimuth,170,10.493101212298203,0.7611060281444697,1.0,OBS_N
Heater Dutycycle,170,0.0107152999596203,0.0007772229799027151,1.0,OBS_N
Outboard Sensor minus Inboard Sensor Temp.,170,0.3346232379672689,0.024271543600057278,1.0,OBS_N
Radial Distance from Sun,180,0.0185910623296894,0.0013174784166173831,1.0,OBS_N
Electronic Box Temperature,180,0.0122174274883398,0.0008658029722578275,1.0,OBS_N
Outboard Sensor Temperature,180,0.1310554839999125,0.009287407491151915,1.0,OBS_N
Inboard Sensor Temperature,180,1.3518076972675752,0.09579750920005821,1.0,OBS_N
Search Coil Magnetometer's Temperature,180,2.0649096998384717,0.1463323565677334,1.0,OBS_N
High Gain Antenna Azimuth,180,9.127528804031808,0.6468335151112524,1.0,OBS_N
Heater Dutycycle,180,0.0720684264120034,0.005107217362493719,1.0,OBS_N
Outboard Sensor minus Inboard Sensor Temp.,180,1.3329158159675716,0.0944587128784352,1.0,OBS_N
Radial Distance from Sun,10,0.2250411424865995,0.011688076271267504,0.9999999999999999,OBS_R
Electronic Box Temperature,10,0.334079170682262,0.01735123979744543,0.9999999999999999,OBS_R
Outboard Sensor Temperature,10,0.4765837332246511,0.024752571738773602,0.9999999999999999,OBS_R
Inboard Sensor Temperature,10,0.4926703202352355,0.02558806898983865,0.9999999999999999,OBS_R
Search Coil Magnetometer's Temperature,10,0.959251476194466,0.0498211317859555,0.9999999999999999,OBS_R
High Gain Antenna Azimuth,10,16.540888068109034,0.8590925161432169,0.9999999999999999,OBS_R
Heater Dutycycle,10,0.2083117484529054,0.010819193224917222,0.9999999999999999,OBS_R
Outboard Sensor minus Inboard Sensor Temp.,10,0.017082106413083,0.0008872020485850085,0.9999999999999999,OBS_R
Radial Distance from Sun,20,0.1878119145991076,0.00980343292516787,1.0,OBS_R
Electronic Box Temperature,20,1.5182236747567608,0.0792484544585464,1.0,OBS_R
Outboard Sensor Temperature,20,0.9063199655964236,0.04730821796066824,1.0,OBS_R
Inboard Sensor Temperature,20,0.218458531826238,0.0114031293928322,1.0,OBS_R
Search Coil Magnetometer's Temperature,20,1.192165299996674,0.062228813220807026,1.0,OBS_R
High Gain Antenna Azimuth,20,14.478943744743978,0.755773956790018,1.0,OBS_R
Heater Dutycycle,20,0.2723211747775598,0.01421465926021399,1.0,OBS_R
Outboard Sensor minus Inboard Sensor Temp.,20,0.3835258373584789,0.02001933599174626,1.0,OBS_R
Radial Distance from Sun,30,0.1293939317355079,0.005779831407706257,1.0,OBS_R
Electronic Box Temperature,30,0.7074563427158127,0.03160100581508005,1.0,OBS_R
Outboard Sensor Temperature,30,0.2512709037572832,0.011223891583630926,1.0,OBS_R
Inboard Sensor Temperature,30,0.6610584378635083,0.029528481515677184,1.0,OBS_R
Search Coil Magnetometer's Temperature,30,0.5850071802636684,0.026131386757248957,1.0,OBS_R
High Gain Antenna Azimuth,30,19.673520186322087,0.878786418713047,1.0,OBS_R
Heater Dutycycle,30,0.1179812879180091,0.005270045853649685,1.0,OBS_R
Outboard Sensor minus Inboard Sensor Temp.,30,0.2614581024111936,0.011678938353959927,1.0,OBS_R
Radial Distance from Sun,40,0.0783476706133378,0.0024970751714051232,1.0,OBS_R
Electronic Box Temperature,40,0.260492962446329,0.008302359262992054,1.0,OBS_R
Outboard Sensor Temperature,40,1.358767373041076,0.04330625587684829,1.0,OBS_R
Inboard Sensor Temperature,40,0.4609442902164162,0.014691088241549119,1.0,OBS_R
Search Coil Magnetometer's Temperature,40,0.800619429616279,0.025517119829967218,1.0,OBS_R
High Gain Antenna Azimuth,40,27.464008784119564,0.8753252509641589,1.0,OBS_R
Heater Dutycycle,40,0.3021042445715112,0.009628582475905766,1.0,OBS_R
Outboard Sensor minus Inboard Sensor Temp.,40,0.6504909971527022,0.020732268177173482,1.0,OBS_R
Radial Distance from Sun,50,0.1337732354229945,0.004019375034013702,1.0,OBS_R
Electronic Box Temperature,50,0.4905805633318478,0.014740073096037764,1.0,OBS_R
Outboard Sensor Temperature,50,1.0771532277447222,0.03236434237173433,1.0,OBS_R
Inboard Sensor Temperature,50,1.2067531160946856,0.036258324258302846,1.0,OBS_R
Search Coil Magnetometer's Temperature,50,0.3936131271492296,0.011826571819998967,1.0,OBS_R
High Gain Antenna Azimuth,50,28.49022130289345,0.8560223863636288,1.0,OBS_R
Heater Dutycycle,50,0.0983444956979153,0.0029548766574342927,1.0,OBS_R
Outboard Sensor minus Inboard Sensor Temp.,50,1.3916593402354194,0.041814050398849306,1.0,OBS_R
Radial Distance from Sun,60,0.315550001525043,0.012206658945644922,1.0000000000000002,OBS_R
Electronic Box Temperature,60,0.0879911977801263,0.0034038299360792377,1.0000000000000002,OBS_R
Outboard Sensor Temperature,60,0.0062356479042216,0.00024121827572204203,1.0000000000000002,OBS_R
Inboard Sensor Temperature,60,0.8957988872811916,0.03465286467463989,1.0000000000000002,OBS_R
Search Coil Magnetometer's Temperature,60,0.310519901577721,0.012012075791714585,1.0000000000000002,OBS_R
High Gain Antenna Azimuth,60,22.914884160369954,0.8864337644517428,1.0000000000000002,OBS_R
Heater Dutycycle,60,0.2403964972192015,0.009299439198543579,1.0000000000000002,OBS_R
Outboard Sensor minus Inboard Sensor Temp.,60,1.079268254548304,0.04175014872591306,1.0000000000000002,OBS_R
Radial Distance from Sun,70,0.2021050880015729,0.006681930641897691,1.0,OBS_R
Electronic Box Temperature,70,0.2647860463570284,0.008754267466468737,1.0,OBS_R
Outboard Sensor Temperature,70,0.0361744697107105,0.0011959881861683523,1.0,OBS_R
Inboard Sensor Temperature,70,1.3947658441620996,0.04611328059344306,1.0,OBS_R
Search Coil Magnetometer's Temperature,70,0.5705835532605952,0.018864442087995145,1.0,OBS_R
High Gain Antenna Azimuth,70,27.08820774143075,0.895581240093014,1.0,OBS_R
Heater Dutycycle,70,0.2745672145417815,0.009077649168797516,1.0,OBS_R
Outboard Sensor minus Inboard Sensor Temp.,70,0.4153209437881533,0.013731201762215567,1.0,OBS_R
Radial Distance from Sun,80,0.066590575911148,0.002635608728683712,0.9999999999999999,OBS_R
Electronic Box Temperature,80,0.0858086364802002,0.0033962462136598206,0.9999999999999999,OBS_R
Outboard Sensor Temperature,80,0.5257122603622677,0.020807326010149087,0.9999999999999999,OBS_R
Inboard Sensor Temperature,80,1.049982095528396,0.04155756183320487,0.9999999999999999,OBS_R
Search Coil Magnetometer's Temperature,80,0.542327516934104,0.021464946321294646,0.9999999999999999,OBS_R
High Gain Antenna Azimuth,80,22.30883180282108,0.8829680629989671,0.9999999999999999,OBS_R
Heater Dutycycle,80,0.2255085547393638,0.008925471917482166,0.9999999999999999,OBS_R
Outboard Sensor minus Inboard Sensor Temp.,80,0.4609675656430516,0.01824477597655851,0.9999999999999999,OBS_R
Radial Distance from Sun,90,0.065285831261682,0.002187176389854668,1.0,OBS_R
Electronic Box Temperature,90,0.5602837137778766,0.01877037156015053,1.0,OBS_R
Outboard Sensor Temperature,90,0.312743001935679,0.010477374595787094,1.0,OBS_R
Inboard Sensor Temperature,90,0.0747780688696597,0.0025051810408155063,1.0,OBS_R
Search Coil Magnetometer's Temperature,90,0.7070728421015883,0.02368803454387062,1.0,OBS_R
High Gain Antenna Azimuth,90,26.7130233432118,0.8949276256240501,1.0,OBS_R
Heater Dutycycle,90,0.2566381365638226,0.008597774772581326,1.0,OBS_R
Outboard Sensor minus Inboard Sensor Temp.,90,1.1595422941635969,0.03884646147289012,1.0,OBS_R
Radial Distance from Sun,100,0.1349571417175502,0.004808712900171304,1.0,OBS_R
Electronic Box Temperature,100,1.153195822765589,0.041089990190829685,1.0,OBS_R
Outboard Sensor Temperature,100,0.1703221905006325,0.00606881936163084,1.0,OBS_R
Inboard Sensor Temperature,100,1.248111864634141,0.04447198234891605,1.0,OBS_R
Search Coil Magnetometer's Temperature,100,1.038407264534432,0.036999912305855864,1.0,OBS_R
High Gain Antenna Azimuth,100,22.13393779302754,0.7886633552130091,1.0,OBS_R
Heater Dutycycle,100,0.147010687352885,0.00523819769550541,1.0,OBS_R
Outboard Sensor minus Inboard Sensor Temp.,100,2.039184956596624,0.07265902998408172,1.0,OBS_R
Radial Distance from Sun,110,0.1293624221057866,0.004243387431093103,1.0,OBS_R
Electronic Box Temperature,110,0.6992317924271525,0.022936424280767673,1.0,OBS_R
Outboard Sensor Temperature,110,0.2591341851566741,0.008500202194429974,1.0,OBS_R
Inboard Sensor Temperature,110,0.0677239058213553,0.0022215011598334723,1.0,OBS_R
Search Coil Magnetometer's Temperature,110,0.811488164920556,0.026618693616364056,1.0,OBS_R
High Gain Antenna Azimuth,110,26.51029692605167,0.8695992154395643,1.0,OBS_R
Heater Dutycycle,110,0.2896522017870296,0.009501263909904363,1.0,OBS_R
Outboard Sensor minus Inboard Sensor Temp.,110,1.7187599462170786,0.056379311968043036,1.0,OBS_R
Radial Distance from Sun,120,0.1474145753085168,0.0101745167413353,0.9999999999999999,OBS_R
Electronic Box Temperature,120,0.1596219357963321,0.011017065677835313,0.9999999999999999,OBS_R
Outboard Sensor Temperature,120,0.2231517170979132,0.015401875131537702,0.9999999999999999,OBS_R
Inboard Sensor Temperature,120,0.1027346219433815,0.007090717649120397,0.9999999999999999,OBS_R
Search Coil Magnetometer's Temperature,120,0.5350142317840159,0.03692654709852573,0.9999999999999999,OBS_R
High Gain Antenna Azimuth,120,11.669404873622064,0.8054193759307858,0.9999999999999999,OBS_R
Heater Dutycycle,120,0.1317426025656221,0.009092841142374901,0.9999999999999999,OBS_R
Outboard Sensor minus Inboard Sensor Temp.,120,1.5195225233001703,0.10487706062848472,0.9999999999999999,OBS_R
Radial Distance from Sun,130,0.1271835727997818,0.022215176241425362,1.0000000000000002,OBS_R
Electronic Box Temperature,130,0.2961706447212792,0.051732176767651565,1.0000000000000002,OBS_R
Outboard Sensor Temperature,130,0.3903020546189811,0.06817412610668513,1.0000000000000002,OBS_R
Inboard Sensor Temperature,130,0.477849203516771,0.08346600145964776,1.0000000000000002,OBS_R
Search Coil Magnetometer's Temperature,130,0.0613882188931135,0.010722690610402905,1.0000000000000002,OBS_R
High Gain Antenna Azimuth,130,2.477483755960182,0.43274250803259656,1.0000000000000002,OBS_R
Heater Dutycycle,130,0.1625171854936245,0.028386904366060395,1.0000000000000002,OBS_R
Outboard Sensor minus Inboard Sensor Temp.,130,1.7321813848931198,0.3025604164155305,1.0000000000000002,OBS_R
Radial Distance from Sun,140,0.0927251214905765,0.009598246273106167,1.0,OBS_R
Electronic Box Temperature,140,0.4310956858669059,0.04462396482968955,1.0,OBS_R
Outboard Sensor Temperature,140,0.207288583305525,0.021457042494917762,1.0,OBS_R
Inboard Sensor Temperature,140,1.0605530153706846,0.10978091873676003,1.0,OBS_R
Search Coil Magnetometer's Temperature,140,0.3901996072847022,0.04039069311727463,1.0,OBS_R
High Gain Antenna Azimuth,140,6.044723569745924,0.6257068693209225,1.0,OBS_R
Heater Dutycycle,140,0.0714163444463884,0.007392512955521737,1.0,OBS_R
Outboard Sensor minus Inboard Sensor Temp.,140,1.3626296974964494,0.1410497522718076,1.0,OBS_R
Radial Distance from Sun,150,0.0529308289111979,0.00336321376486307,1.0,OBS_R
Electronic Box Temperature,150,0.166698929789776,0.010592015027716839,1.0,OBS_R
Outboard Sensor Temperature,150,0.2135689240592702,0.01357012463092518,1.0,OBS_R
Inboard Sensor Temperature,150,0.3029952639138149,0.01925225550487603,1.0,OBS_R
Search Coil Magnetometer's Temperature,150,0.0816459284788986,0.005187765167364787,1.0,OBS_R
High Gain Antenna Azimuth,150,13.948418589007488,0.8862795909605986,1.0,OBS_R
Heater Dutycycle,150,0.1643373885381784,0.010441963192008958,1.0,OBS_R
Outboard Sensor minus Inboard Sensor Temp.,150,0.807573830176984,0.05131307175164652,1.0,OBS_R
Radial Distance from Sun,160,0.0309734498272121,0.004769364319213504,1.0,OBS_R
Electronic Box Temperature,160,0.1956953774525258,0.030133632380759078,1.0,OBS_R
Outboard Sensor Temperature,160,0.4442546934565127,0.06840737778434729,1.0,OBS_R
Inboard Sensor Temperature,160,0.7950454538877683,0.12242296034437342,1.0,OBS_R
Search Coil Magnetometer's Temperature,160,0.0708019029514927,0.01090224277738005,1.0,OBS_R
High Gain Antenna Azimuth,160,3.6191927919749487,0.5572917793366027,1.0,OBS_R
Heater Dutycycle,160,0.1102756116269607,0.016980496854793265,1.0,OBS_R
Outboard Sensor minus Inboard Sensor Temp.,160,1.2280118923877408,0.18909214620253081,1.0,OBS_R
Radial Distance from Sun,170,0.0211522505558692,0.0013404351347847563,1.0,OBS_R
Electronic Box Temperature,170,0.1876940872949306,0.011894325312427427,1.0,OBS_R
Outboard Sensor Temperature,170,0.7766401398204168,0.04921631047012027,1.0,OBS_R
Inboard Sensor Temperature,170,1.4382537086725034,0.09114329459870003,1.0,OBS_R
Search Coil Magnetometer's Temperature,170,0.4198488072259101,0.026606156683735255,1.0,OBS_R
High Gain Antenna Azimuth,170,10.754977437733102,0.6815515726459954,1.0,OBS_R
Heater Dutycycle,170,0.1395256428706773,0.008841852237581004,1.0,OBS_R
Outboard Sensor minus Inboard Sensor Temp.,170,2.0420452908963105,0.12940605291665586,1.0,OBS_R
Radial Distance from Sun,180,0.0021401974400211,9.752312207271983e-05,1.0,OBS_R
Electronic Box Temperature,180,0.403015175524637,0.018364332853075604,1.0,OBS_R
Outboard Sensor Temperature,180,0.5602968190544417,0.02553124027709529,1.0,OBS_R
Inboard Sensor Temperature,180,0.807146622733273,0.03677953124671735,1.0,OBS_R
Search Coil Magnetometer's Temperature,180,0.6672921587784425,0.030406734183401892,1.0,OBS_R
High Gain Antenna Azimuth,180,17.950704921484544,0.8179660224862483,1.0,OBS_R
Heater Dutycycle,180,0.2810583200400233,0.012807082347760646,1.0,OBS_R
Outboard Sensor minus Inboard Sensor Temp.,180,1.2738843868079142,0.058047533483628164,1.0,OBS_R
Radial Distance from Sun,10,0.0987285597242838,0.006578788190078955,1.0,OBS_T
Electronic Box Temperature,10,0.1882591624941927,0.012544669529766447,1.0,OBS_T
Outboard Sensor Temperature,10,0.294975813391819,0.019655745033862946,1.0,OBS_T
Inboard Sensor Temperature,10,0.1100332225385376,0.007332075611904323,1.0,OBS_T
Search Coil Magnetometer's Temperature,10,0.6157770237639026,0.041032368171613355,1.0,OBS_T
High Gain Antenna Azimuth,10,12.20494704713333,0.8132779584595752,1.0,OBS_T
Heater Dutycycle,10,0.1641200865421181,0.010936159608863929,1.0,OBS_T
Outboard Sensor minus Inboard Sensor Temp.,10,1.3302632610092568,0.08864223539433491,1.0,OBS_T
Radial Distance from Sun,20,0.2415053994304009,0.015036757401659278,1.0,OBS_T
Electronic Box Temperature,20,0.3260668608988165,0.02030177501463718,1.0,OBS_T
Outboard Sensor Temperature,20,1.4534136204581147,0.09049333085985194,1.0,OBS_T
Inboard Sensor Temperature,20,1.0268624688060422,0.06393514126277414,1.0,OBS_T
Search Coil Magnetometer's Temperature,20,1.3072964973496493,0.08139569686246562,1.0,OBS_T
High Gain Antenna Azimuth,20,11.470506442481478,0.7141837120683935,1.0,OBS_T
Heater Dutycycle,20,0.2311659220820413,0.014392994517210643,1.0,OBS_T
Outboard Sensor minus Inboard Sensor Temp.,20,0.0041853689933754,0.00026059201300776617,1.0,OBS_T
Radial Distance from Sun,30,0.3090400678880002,0.019679182352512207,1.0,OBS_T
Electronic Box Temperature,30,0.0178317419178549,0.001135497099979857,1.0,OBS_T
Outboard Sensor Temperature,30,0.9788348153544312,0.06233065167241837,1.0,OBS_T
Inboard Sensor Temperature,30,0.1044308358131735,0.006649990324029767,1.0,OBS_T
Search Coil Magnetometer's Temperature,30,0.3461022454186522,0.022039243153013997,1.0,OBS_T
High Gain Antenna Azimuth,30,12.906729498681118,0.8218801047867508,1.0,OBS_T
Heater Dutycycle,30,0.0383112116327439,0.002439597315063005,1.0,OBS_T
Outboard Sensor minus Inboard Sensor Temp.,30,1.0026275176878925,0.06384573329623201,1.0,OBS_T
Radial Distance from Sun,40,0.2699546842710199,0.03116702031132014,1.0000000000000002,OBS_T
Electronic Box Temperature,40,0.2176527556236474,0.025128616951601634,1.0000000000000002,OBS_T
Outboard Sensor Temperature,40,0.4549654089450337,0.05252702385894542,1.0000000000000002,OBS_T
Inboard Sensor Temperature,40,0.0520288396158095,0.006006874470280984,1.0000000000000002,OBS_T
Search Coil Magnetometer's Temperature,40,0.0224431130781271,0.0025911199246055573,1.0000000000000002,OBS_T
High Gain Antenna Azimuth,40,7.347928481980772,0.8483388123545426,1.0000000000000002,OBS_T
Heater Dutycycle,40,0.0063633967627667,0.0007346718827632118,1.0000000000000002,OBS_T
Outboard Sensor minus Inboard Sensor Temp.,40,0.2902126617678806,0.03350586024594062,1.0000000000000002,OBS_T
Radial Distance from Sun,50,0.1750277265834355,0.016671387526007594,1.0,OBS_T
Electronic Box Temperature,50,0.2747439672434597,0.026169357494139647,1.0,OBS_T
Outboard Sensor Temperature,50,0.6420757177490882,0.06115769952900462,1.0,OBS_T
Inboard Sensor Temperature,50,0.1107133727582835,0.010545446584914716,1.0,OBS_T
Search Coil Magnetometer's Temperature,50,0.0433693464619892,0.004130929400336136,1.0,OBS_T
High Gain Antenna Azimuth,50,9.172857718723796,0.8737145178931154,1.0,OBS_T
Heater Dutycycle,50,0.0180248514836026,0.0017168667504723844,1.0,OBS_T
Outboard Sensor minus Inboard Sensor Temp.,50,0.0618771237268807,0.005893794822009505,1.0,OBS_T
Radial Distance from Sun,60,0.1875174281392904,0.021799720919942648,1.0,OBS_T
Electronic Box Temperature,60,0.6997810036302121,0.08135260138531956,1.0,OBS_T
Outboard Sensor Temperature,60,0.1693538418251554,0.01968812459269723,1.0,OBS_T
Inboard Sensor Temperature,60,1.1324638899143804,0.1316538787728468,1.0,OBS_T
Search Coil Magnetometer's Temperature,60,0.3634417969046109,0.042251697998320126,1.0,OBS_T
High Gain Antenna Azimuth,60,5.135213114646971,0.5969909777163663,1.0,OBS_T
Heater Dutycycle,60,0.0455414612411503,0.005294393994173189,1.0,OBS_T
Outboard Sensor minus Inboard Sensor Temp.,60,0.8685144700131203,0.1009686046203341,1.0,OBS_T
Radial Distance from Sun,70,0.1830825186676321,0.009496723311199965,1.0000000000000002,OBS_T
Electronic Box Temperature,70,0.2117071877861966,0.010981521338187765,1.0000000000000002,OBS_T
Outboard Sensor Temperature,70,0.176067507457331,0.009132845749464337,1.0000000000000002,OBS_T
Inboard Sensor Temperature,70,0.2990753824018696,0.015513420814458216,1.0000000000000002,OBS_T
Search Coil Magnetometer's Temperature,70,0.1711723918190957,0.008878929869723561,1.0000000000000002,OBS_T
High Gain Antenna Azimuth,70,18.016170589816536,0.9345217034591431,1.0000000000000002,OBS_T
Heater Dutycycle,70,0.1266558872289046,0.006569802106180567,1.0000000000000002,OBS_T
Outboard Sensor minus Inboard Sensor Temp.,70,0.0945620391781596,0.004905053351642572,1.0000000000000002,OBS_T
Radial Distance from Sun,80,0.1684249539589758,0.011929001349643663,1.0,OBS_T
Electronic Box Temperature,80,0.140011306588185,0.009916553491608198,1.0,OBS_T
Outboard Sensor Temperature,80,0.033280782961386,0.002357171520796571,1.0,OBS_T
Inboard Sensor Temperature,80,0.130006087235742,0.009207915772830227,1.0,OBS_T
Search Coil Magnetometer's Temperature,80,1.2775418779160317,0.09048420930308632,1.0,OBS_T
High Gain Antenna Azimuth,80,11.615847988585095,0.822713398911413,1.0,OBS_T
Heater Dutycycle,80,0.1511068563345429,0.010702415828442094,1.0,OBS_T
Outboard Sensor minus Inboard Sensor Temp.,80,0.6027284994610859,0.04268933382217987,1.0,OBS_T
Radial Distance from Sun,90,0.1968249427521792,0.011463167684020281,1.0,OBS_T
Electronic Box Temperature,90,0.2988285066518377,0.017403898269277962,1.0,OBS_T
Outboard Sensor Temperature,90,0.601246222536423,0.035016833598151685,1.0,OBS_T
Inboard Sensor Temperature,90,0.2569649490451103,0.014965747016772411,1.0,OBS_T
Search Coil Magnetometer's Temperature,90,0.2031307238524895,0.011830419034996643,1.0,OBS_T
High Gain Antenna Azimuth,90,14.823295691094325,0.8633149933175743,1.0,OBS_T
Heater Dutycycle,90,0.0089635887916471,0.0005220431919476211,1.0,OBS_T
Outboard Sensor minus Inboard Sensor Temp.,90,0.7809506952726819,0.04548289788725906,1.0,OBS_T
Radial Distance from Sun,100,0.2339041621248911,0.01425999824676574,1.0000000000000002,OBS_T
Electronic Box Temperature,100,0.0719990200614058,0.004389429801152051,1.0000000000000002,OBS_T
Outboard Sensor Temperature,100,0.5604267834252138,0.03416649313327319,1.0000000000000002,OBS_T
Inboard Sensor Temperature,100,0.4446472825461733,0.027107980516191225,1.0000000000000002,OBS_T
Search Coil Magnetometer's Temperature,100,0.2847630940799125,0.017360619774499576,1.0000000000000002,OBS_T
High Gain Antenna Azimuth,100,13.527946138965603,0.8247330294233458,1.0000000000000002,OBS_T
Heater Dutycycle,100,0.0452250230316023,0.002757149523471265,1.0000000000000002,OBS_T
Outboard Sensor minus Inboard Sensor Temp.,100,1.2339069307493755,0.07522529958130124,1.0000000000000002,OBS_T
Radial Distance from Sun,110,0.2640181736837145,0.015438950430014602,1.0,OBS_T
Electronic Box Temperature,110,0.7590446164464325,0.04438653613870057,1.0,OBS_T
Outboard Sensor Temperature,110,1.244260023713224,0.07276040342272165,1.0,OBS_T
Inboard Sensor Temperature,110,0.2680031516429351,0.015671979377676407,1.0,OBS_T
Search Coil Magnetometer's Temperature,110,0.2733294017615439,0.015983441692606182,1.0,OBS_T
High Gain Antenna Azimuth,110,14.126272273659042,0.8260598668301614,1.0,OBS_T
Heater Dutycycle,110,0.0795140448259693,0.004649730658423315,1.0,OBS_T
Outboard Sensor minus Inboard Sensor Temp.,110,0.0863434279003344,0.005049091449696024,1.0,OBS_T
Radial Distance from Sun,120,0.2717336147458256,0.009166456555139195,0.9999999999999999,OBS_T
Electronic Box Temperature,120,0.7859267374119774,0.026511859052652784,0.9999999999999999,OBS_T
Outboard Sensor Temperature,120,1.2979704686156814,0.04378475560172513,0.9999999999999999,OBS_T
Inboard Sensor Temperature,120,0.410128449407541,0.013834963396182403,0.9999999999999999,OBS_T
Search Coil Magnetometer's Temperature,120,0.5022846691345306,0.016943691718968198,0.9999999999999999,OBS_T
High Gain Antenna Azimuth,120,25.56322642935462,0.8623305758216463,0.9999999999999999,OBS_T
Heater Dutycycle,120,0.0156539181529614,0.0005280574536243672,0.9999999999999999,OBS_T
Outboard Sensor minus Inboard Sensor Temp.,120,0.7974222620597566,0.026899640400061587,0.9999999999999999,OBS_T
Radial Distance from Sun,130,0.2444074297746618,0.009886977822445651,1.0,OBS_T
Electronic Box Temperature,130,0.0743090976127949,0.0030060150003664876,1.0,OBS_T
Outboard Sensor Temperature,130,0.9653032108151371,0.03904926886250607,1.0,OBS_T
Inboard Sensor Temperature,130,1.0948531182732626,0.044289932221714484,1.0,OBS_T
Search Coil Magnetometer's Temperature,130,1.180002905145227,0.04773448403081977,1.0,OBS_T
High Gain Antenna Azimuth,130,19.35341014837441,0.7829006552791371,1.0,OBS_T
Heater Dutycycle,130,0.1641810796745734,0.0066415930772002075,1.0,OBS_T
Outboard Sensor minus Inboard Sensor Temp.,130,1.6436683402385588,0.06649107370581027,1.0,OBS_T
Radial Distance from Sun,140,0.1903005345216805,0.006913630292836547,1.0,OBS_T
Electronic Box Temperature,140,0.000345400465026,1.25484204454062e-05,1.0,OBS_T
Outboard Sensor Temperature,140,0.8443080796632774,0.030673765214157423,1.0,OBS_T
Inboard Sensor Temperature,140,1.4471951849500724,0.05257669136593056,1.0,OBS_T
Search Coil Magnetometer's Temperature,140,0.3266584430573535,0.011867521617890398,1.0,OBS_T
High Gain Antenna Azimuth,140,22.621055776291733,0.8218243677770548,1.0,OBS_T
Heater Dutycycle,140,0.1003624255743688,0.003646173183157605,1.0,OBS_T
Outboard Sensor minus Inboard Sensor Temp.,140,1.9951879339450185,0.07248530212852726,1.0,OBS_T
Radial Distance from Sun,150,0.1419876687943478,0.03889377426704323,1.0,OBS_T
Electronic Box Temperature,150,0.3778068251289305,0.10349020797289016,1.0,OBS_T
Outboard Sensor Temperature,150,1.3988079558276394,0.38316651959194725,1.0,OBS_T
Inboard Sensor Temperature,150,0.5757310301837956,0.1577063199687675,1.0,OBS_T
Search Coil Magnetometer's Temperature,150,0.179883687846334,0.04927438846504318,1.0,OBS_T
High Gain Antenna Azimuth,150,0.2331537220249293,0.06386630832775199,1.0,OBS_T
Heater Dutycycle,150,0.0485978159709423,0.013312089002480904,1.0,OBS_T
Outboard Sensor minus Inboard Sensor Temp.,150,0.6946841678543635,0.19029039240407575,1.0,OBS_T
Radial Distance from Sun,160,0.1206501692486071,0.0032226981195490278,0.9999999999999999,OBS_T
Electronic Box Temperature,160,0.07048309479537,0.0018826806333689182,0.9999999999999999,OBS_T
Outboard Sensor Temperature,160,0.9951776880327644,0.026582285659556712,0.9999999999999999,OBS_T
Inboard Sensor Temperature,160,0.0741672049697339,0.001981087249829351,0.9999999999999999,OBS_T
Search Coil Magnetometer's Temperature,160,0.4412627755081361,0.011786611868954942,0.9999999999999999,OBS_T
High Gain Antenna Azimuth,160,34.47878228238514,0.920966025309291,0.9999999999999999,OBS_T
Heater Dutycycle,160,0.2823717324912495,0.00754245814142409,0.9999999999999999,OBS_T
Outboard Sensor minus Inboard Sensor Temp.,160,0.9747317780565324,0.026036153018025983,0.9999999999999999,OBS_T
Radial Distance from Sun,170,0.1181425806636829,0.03234821640913601,1.0,OBS_T
Electronic Box Temperature,170,0.1764925068026402,0.048324810348397376,1.0,OBS_T
Outboard Sensor Temperature,170,0.5717513438095808,0.15654928221364023,1.0,OBS_T
Inboard Sensor Temperature,170,0.2811456887525395,0.07697954057861897,1.0,OBS_T
Search Coil Magnetometer's Temperature,170,0.2474746948925437,0.0677602007777181,1.0,OBS_T
High Gain Antenna Azimuth,170,1.5948091953162629,0.43666925753238683,1.0,OBS_T
Heater Dutycycle,170,0.023012476209413,0.006300967494956868,1.0,OBS_T
Outboard Sensor minus Inboard Sensor Temp.,170,0.6393846423834086,0.17506772464514558,1.0,OBS_T
Radial Distance from Sun,180,0.1241696773762708,0.005862199440760306,1.0,OBS_T
Electronic Box Temperature,180,0.1359912945535408,0.006420312170613611,1.0,OBS_T
Outboard Sensor Temperature,180,0.7053019013282104,0.033298148943435635,1.0,OBS_T
Inboard Sensor Temperature,180,0.7612908782624513,0.035941455716940816,1.0,OBS_T
Search Coil Magnetometer's Temperature,180,0.0587495943944381,0.002773638835835343,1.0,OBS_T
High Gain Antenna Azimuth,180,19.15400606916181,0.9042836064291635,1.0,OBS_T
Heater Dutycycle,180,0.2332227057454091,0.0110107237457848,1.0,OBS_T
Outboard Sensor minus Inboard Sensor Temp.,180,0.0086825736200015,0.0004099147174659562,1.0,OBS_T
